<?xml version="1.0" standalone="yes"?>
<?xml-stylesheet href="x2script.xsl" type="text/xsl"?>
<!-- Generated using X-Studio -->
<script>
	<name>setup.zanzal.shipbrowser</name>
	<version>7</version>
	<engineversion>50</engineversion>
	<description></description>
	<arguments />
	<sourcetext>
		<line linenr="001" indent="">
			<comment>* ************************************************</comment>
		</line>
		<line linenr="002" indent="">
			<comment>* SCRIPT NAME: setup.zanzal.shipbrowser</comment>
		</line>
		<line linenr="003" indent="">
			<comment>* DESCRIPTION: Add a hotkey for browsing ships.</comment>
		</line>
		<line linenr="004" indent="">
			<comment>* </comment>
		</line>
		<line linenr="005" indent="">
			<comment>* AUTHOR: Zanzal                      DATE: 10 January 2014</comment>
		</line>
		<line linenr="006" indent="">
			<comment>* ************************************************</comment>
		</line>
		<line linenr="007" indent="" />
		<line linenr="008" indent="">
			<comment>* Version info for Litcube's Universe when present</comment>
		</line>
		<line linenr="009" indent="">
			<text>load</text>
			<text> </text>
			<text>text</text>
			<text>:</text>
			<text> </text>
			<text>id</text>
			<text>=</text>
			<var>8379</var>
		</line>
		<line linenr="010" indent="">
			<var>$LUCurrentVersion</var>
			<text> </text>
			<text>=</text>
			<text> </text>
			<text>read</text>
			<text> </text>
			<text>text</text>
			<text>:</text>
			<text> </text>
			<text>page</text>
			<text>=</text>
			<var>1910</var>
			<text> </text>
			<text>id</text>
			<text>=</text>
			<var>999</var>
		</line>
		<line linenr="011" indent="">
			<var>$LUCheck</var>
			<text> </text>
			<text>=</text>
			<text> </text>
			<text>get</text>
			<text> </text>
			<text>substring</text>
			<text> </text>
			<text>of</text>
			<text> </text>
			<var>$LUCurrentVersion</var>
			<text> </text>
			<text>offset</text>
			<text>=</text>
			<var>0</var>
			<text> </text>
			<text>length</text>
			<text>=</text>
			<var>2</var>
		</line>
		<line linenr="012" indent="">
			<text>do</text>
			<text> </text>
			<text>if</text>
			<text> </text>
			<var>$LUCheck</var>
			<text> </text>
			<text>==</text>
			<text> </text>
			<text>'LU'</text>
		</line>
		<line linenr="013" indent="&#160;">
			<text>set</text>
			<text> </text>
			<text>global</text>
			<text> </text>
			<text>variable</text>
			<text>:</text>
			<text> </text>
			<text>name</text>
			<text>=</text>
			<text>'zanzal.lu.version'</text>
			<text> </text>
			<text>value</text>
			<text>=</text>
			<var>[TRUE]</var>
		</line>
		<line linenr="014" indent="" />
		<line linenr="015" indent="">
			<var>$pageid</var>
			<text> </text>
			<text>=</text>
			<text> </text>
			<var>8103</var>
		</line>
		<line linenr="016" indent="">
			<text>load</text>
			<text> </text>
			<text>text</text>
			<text>:</text>
			<text> </text>
			<text>id</text>
			<text>=</text>
			<var>$pageid</var>
		</line>
		<line linenr="017" indent="" />
		<line linenr="018" indent="">
			<var>$hk</var>
			<text> </text>
			<text>=</text>
			<text> </text>
			<text>get</text>
			<text> </text>
			<text>global</text>
			<text> </text>
			<text>variable</text>
			<text>:</text>
			<text> </text>
			<text>name</text>
			<text>=</text>
			<text>'plugin.zanzal.shipbrowser.hotkey'</text>
		</line>
		<line linenr="019" indent="">
			<text>if</text>
			<text> </text>
			<var>$hk</var>
			<text> </text>
			<text>==</text>
			<text> </text>
			<var>null</var>
		</line>
		<line linenr="020" indent="&#160;">
			<var>$text</var>
			<text> </text>
			<text>=</text>
			<text> </text>
			<text>read</text>
			<text> </text>
			<text>text</text>
			<text>:</text>
			<text> </text>
			<text>page</text>
			<text>=</text>
			<var>$pageid</var>
			<text> </text>
			<text>id</text>
			<text>=</text>
			<var>1</var>
		</line>
		<line linenr="021" indent="&#160;">
			<var>$hk</var>
			<text> </text>
			<text>=</text>
			<text> </text>
			<text>register</text>
			<text> </text>
			<text>hotkey</text>
			<text> </text>
			<var>$text</var>
			<text> </text>
			<text>to</text>
			<text> </text>
			<text>call</text>
			<text> </text>
			<text>script</text>
			<text> </text>
			<call>plugin.zanzal.shipbrowser.menu</call>
		</line>
		<line linenr="022" indent="&#160;">
			<text>set</text>
			<text> </text>
			<text>global</text>
			<text> </text>
			<text>variable</text>
			<text>:</text>
			<text> </text>
			<text>name</text>
			<text>=</text>
			<text>'plugin.zanzal.shipbrowser.hotkey'</text>
			<text> </text>
			<text>value</text>
			<text>=</text>
			<var>$hk</var>
		</line>
		<line linenr="023" indent="">
			<text>end</text>
		</line>
		<line linenr="024" indent="" />
		<line linenr="025" indent="">
			<text>return</text>
			<text> </text>
			<var>null</var>
		</line>
	</sourcetext>
	<codearray>
		<sval type="array" size="10">
			<sval type="string" val="setup.zanzal.shipbrowser" />
			<sval type="int" val="50" />
			<sval type="string" val="" />
			<sval type="int" val="7" />
			<sval type="int" val="0" />
			<sval type="array" size="5">
				<sval type="string" val="LUCurrentVersion" />
				<sval type="string" val="LUCheck" />
				<sval type="string" val="pageid" />
				<sval type="string" val="hk" />
				<sval type="string" val="text" />
			</sval>
			<sval type="array" size="13">
				<sval type="array" size="3">
					<sval type="int" val="151" />
					<sval type="int" val="4" />
					<sval type="int" val="8379" />
				</sval>
				<sval type="array" size="6">
					<sval type="int" val="126" />
					<sval type="int" val="0" />
					<sval type="int" val="4" />
					<sval type="int" val="1910" />
					<sval type="int" val="4" />
					<sval type="int" val="999" />
				</sval>
				<sval type="array" size="8">
					<sval type="int" val="1077" />
					<sval type="int" val="1" />
					<sval type="int" val="131074" />
					<sval type="int" val="0" />
					<sval type="int" val="4" />
					<sval type="int" val="0" />
					<sval type="int" val="4" />
					<sval type="int" val="2" />
				</sval>
				<sval type="array" size="13">
					<sval type="int" val="104" />
					<sval type="int" val="-1610611448" />
					<sval type="int" val="3" />
					<sval type="int" val="131074" />
					<sval type="int" val="1" />
					<sval type="int" val="5" />
					<sval type="string" val="LU" />
					<sval type="int" val="15" />
					<sval type="int" val="0" />
					<sval type="int" val="3" />
					<sval type="int" val="-1" />
					<sval type="int" val="0" />
					<sval type="int" val="-2" />
				</sval>
				<sval type="array" size="5">
					<sval type="int" val="157" />
					<sval type="int" val="5" />
					<sval type="string" val="zanzal.lu.version" />
					<sval type="int" val="131075" />
					<sval type="int" val="10" />
				</sval>
				<sval type="array" size="7">
					<sval type="int" val="104" />
					<sval type="int" val="2" />
					<sval type="int" val="1" />
					<sval type="int" val="4" />
					<sval type="int" val="8103" />
					<sval type="int" val="1" />
					<sval type="int" val="-1" />
				</sval>
				<sval type="array" size="3">
					<sval type="int" val="151" />
					<sval type="int" val="131074" />
					<sval type="int" val="2" />
				</sval>
				<sval type="array" size="4">
					<sval type="int" val="158" />
					<sval type="int" val="5" />
					<sval type="string" val="plugin.zanzal.shipbrowser.hotkey" />
					<sval type="int" val="3" />
				</sval>
				<sval type="array" size="13">
					<sval type="int" val="104" />
					<sval type="int" val="-1610609661" />
					<sval type="int" val="3" />
					<sval type="int" val="131074" />
					<sval type="int" val="3" />
					<sval type="int" val="0" />
					<sval type="int" val="0" />
					<sval type="int" val="15" />
					<sval type="int" val="0" />
					<sval type="int" val="3" />
					<sval type="int" val="-1" />
					<sval type="int" val="0" />
					<sval type="int" val="-2" />
				</sval>
				<sval type="array" size="6">
					<sval type="int" val="126" />
					<sval type="int" val="4" />
					<sval type="int" val="131074" />
					<sval type="int" val="2" />
					<sval type="int" val="4" />
					<sval type="int" val="1" />
				</sval>
				<sval type="array" size="5">
					<sval type="int" val="1100" />
					<sval type="int" val="3" />
					<sval type="int" val="131074" />
					<sval type="int" val="4" />
					<sval type="string" val="plugin.zanzal.shipbrowser.menu" />
				</sval>
				<sval type="array" size="5">
					<sval type="int" val="157" />
					<sval type="int" val="5" />
					<sval type="string" val="plugin.zanzal.shipbrowser.hotkey" />
					<sval type="int" val="131074" />
					<sval type="int" val="3" />
				</sval>
				<sval type="array" size="3">
					<sval type="int" val="103" />
					<sval type="int" val="0" />
					<sval type="int" val="0" />
				</sval>
			</sval>
			<sval type="int" val="0" />
			<sval type="array" size="12">
				<sval type="array" size="3">
					<sval type="int" val="0" />
					<sval type="int" val="1" />
					<sval type="string" val="************************************************" />
				</sval>
				<sval type="array" size="3">
					<sval type="int" val="0" />
					<sval type="int" val="1" />
					<sval type="string" val="SCRIPT NAME: setup.zanzal.shipbrowser" />
				</sval>
				<sval type="array" size="3">
					<sval type="int" val="0" />
					<sval type="int" val="1" />
					<sval type="string" val="DESCRIPTION: Add a hotkey for browsing ships." />
				</sval>
				<sval type="array" size="3">
					<sval type="int" val="0" />
					<sval type="int" val="1" />
					<sval type="string" val="" />
				</sval>
				<sval type="array" size="3">
					<sval type="int" val="0" />
					<sval type="int" val="1" />
					<sval type="string" val="AUTHOR: Zanzal                      DATE: 10 January 2014" />
				</sval>
				<sval type="array" size="3">
					<sval type="int" val="0" />
					<sval type="int" val="1" />
					<sval type="string" val="************************************************" />
				</sval>
				<sval type="array" size="2">
					<sval type="int" val="0" />
					<sval type="int" val="2" />
				</sval>
				<sval type="array" size="3">
					<sval type="int" val="0" />
					<sval type="int" val="1" />
					<sval type="string" val="Version info for Litcube's Universe when present" />
				</sval>
				<sval type="array" size="2">
					<sval type="int" val="5" />
					<sval type="int" val="2" />
				</sval>
				<sval type="array" size="2">
					<sval type="int" val="7" />
					<sval type="int" val="2" />
				</sval>
				<sval type="array" size="2">
					<sval type="int" val="12" />
					<sval type="int" val="4" />
				</sval>
				<sval type="array" size="2">
					<sval type="int" val="12" />
					<sval type="int" val="2" />
				</sval>
			</sval>
			<sval type="int" val="0" />
		</sval>
	</codearray>
</script>
