<?xml version="1.0" standalone="yes"?>
<?xml-stylesheet href="x2script.xsl" type="text/xsl"?>
<!-- Generated using X-Studio -->
<script>
	<name>lib.zanzal.createmenu</name>
	<version>1</version>
	<engineversion>50</engineversion>
	<description></description>
	<arguments>
		<argument index="1" name="title" type="Value" desc="" />
		<argument index="2" name="heading" type="Value" desc="" />
		<argument index="3" name="menu.items" type="Value" desc="" />
		<argument index="4" name="large.menu" type="Value" desc="" />
	</arguments>
	<sourcetext>
		<line linenr="001" indent="">
			<comment>* ************************************************</comment>
		</line>
		<line linenr="002" indent="">
			<comment>* SCRIPT NAME: lib.zanzal.createmenu.xml</comment>
		</line>
		<line linenr="003" indent="">
			<comment>* DESCRIPTION:</comment>
		</line>
		<line linenr="004" indent="">
			<comment>* </comment>
		</line>
		<line linenr="005" indent="">
			<comment>* AUTHOR: Zanzal         DATE: 25 January 2014</comment>
		</line>
		<line linenr="006" indent="">
			<comment>* ************************************************</comment>
		</line>
		<line linenr="007" indent="">
			<var>$player.sector</var>
			<text> </text>
			<text>=</text>
			<text> </text>
			<var>[PLAYERSHIP]</var>
			<text> </text>
			<text>-&gt;</text>
			<text> </text>
			<text>get</text>
			<text> </text>
			<text>sector</text>
		</line>
		<line linenr="008" indent="">
			<var>$handle</var>
			<text> </text>
			<text>=</text>
			<text> </text>
			<text>array</text>
			<text> </text>
			<text>alloc</text>
			<text>:</text>
			<text> </text>
			<text>size</text>
			<text>=</text>
			<var>8</var>
		</line>
		<line linenr="009" indent="">
			<comment>* Result</comment>
		</line>
		<line linenr="010" indent="">
			<var>$handle</var>
			<text>[</text>
			<var>0</var>
			<text>]</text>
			<text> </text>
			<text>=</text>
			<text> </text>
			<var>null</var>
		</line>
		<line linenr="011" indent="">
			<comment>* Menu Open</comment>
		</line>
		<line linenr="012" indent="">
			<var>$handle</var>
			<text>[</text>
			<var>1</var>
			<text>]</text>
			<text> </text>
			<text>=</text>
			<text> </text>
			<var>[TRUE]</var>
		</line>
		<line linenr="013" indent="">
			<comment>* Menu Large</comment>
		</line>
		<line linenr="014" indent="">
			<var>$handle</var>
			<text>[</text>
			<var>2</var>
			<text>]</text>
			<text> </text>
			<text>=</text>
			<text> </text>
			<var>$large.menu</var>
		</line>
		<line linenr="015" indent="">
			<comment>* Menu Items</comment>
		</line>
		<line linenr="016" indent="">
			<var>$handle</var>
			<text>[</text>
			<var>3</var>
			<text>]</text>
			<text> </text>
			<text>=</text>
			<text> </text>
			<var>$menu.items</var>
		</line>
		<line linenr="017" indent="">
			<comment>* Menu title</comment>
		</line>
		<line linenr="018" indent="">
			<var>$handle</var>
			<text>[</text>
			<var>4</var>
			<text>]</text>
			<text> </text>
			<text>=</text>
			<text> </text>
			<var>$title</var>
		</line>
		<line linenr="019" indent="">
			<comment>* Menu heading</comment>
		</line>
		<line linenr="020" indent="">
			<var>$handle</var>
			<text>[</text>
			<var>5</var>
			<text>]</text>
			<text> </text>
			<text>=</text>
			<text> </text>
			<var>$heading</var>
		</line>
		<line linenr="021" indent="">
			<comment>* Maxoptions</comment>
		</line>
		<line linenr="022" indent="">
			<var>$handle</var>
			<text>[</text>
			<var>6</var>
			<text>]</text>
			<text> </text>
			<text>=</text>
			<text> </text>
			<var>null</var>
		</line>
		<line linenr="023" indent="">
			<comment>* Insurance against window close never getting noticed.</comment>
		</line>
		<line linenr="024" indent="">
			<var>$handle</var>
			<text>[</text>
			<var>7</var>
			<text>]</text>
			<text> </text>
			<text>=</text>
			<text> </text>
			<var>$player.sector</var>
		</line>
		<line linenr="025" indent="" />
		<line linenr="026" indent="" interruptable="@">
			<text>START</text>
			<text> </text>
			<var>$null</var>
			<text>-&gt;</text>
			<text> </text>
			<text>call</text>
			<text> </text>
			<text>script</text>
			<text> </text>
			<call>lib.zanzal.menu</call>
			<text> </text>
			<text>:</text>
			<text> </text>
			<text>handle</text>
			<text>=</text>
			<var>$handle</var>
		</line>
		<line linenr="027" indent="" />
		<line linenr="028" indent="">
			<text>return</text>
			<text> </text>
			<var>$handle</var>
		</line>
	</sourcetext>
	<codearray>
		<sval type="array" size="10">
			<sval type="string" val="lib.zanzal.createmenu" />
			<sval type="int" val="50" />
			<sval type="string" val="" />
			<sval type="int" val="1" />
			<sval type="int" val="0" />
			<sval type="array" size="7">
				<sval type="string" val="title" />
				<sval type="string" val="heading" />
				<sval type="string" val="menu.items" />
				<sval type="string" val="large.menu" />
				<sval type="string" val="player.sector" />
				<sval type="string" val="handle" />
				<sval type="string" val="null" />
			</sval>
			<sval type="array" size="12">
				<sval type="array" size="4">
					<sval type="int" val="703" />
					<sval type="int" val="131075" />
					<sval type="int" val="3" />
					<sval type="int" val="4" />
				</sval>
				<sval type="array" size="4">
					<sval type="int" val="128" />
					<sval type="int" val="5" />
					<sval type="int" val="4" />
					<sval type="int" val="8" />
				</sval>
				<sval type="array" size="7">
					<sval type="int" val="130" />
					<sval type="int" val="131074" />
					<sval type="int" val="5" />
					<sval type="int" val="4" />
					<sval type="int" val="0" />
					<sval type="int" val="0" />
					<sval type="int" val="0" />
				</sval>
				<sval type="array" size="7">
					<sval type="int" val="130" />
					<sval type="int" val="131074" />
					<sval type="int" val="5" />
					<sval type="int" val="4" />
					<sval type="int" val="1" />
					<sval type="int" val="131075" />
					<sval type="int" val="10" />
				</sval>
				<sval type="array" size="7">
					<sval type="int" val="130" />
					<sval type="int" val="131074" />
					<sval type="int" val="5" />
					<sval type="int" val="4" />
					<sval type="int" val="2" />
					<sval type="int" val="131074" />
					<sval type="int" val="3" />
				</sval>
				<sval type="array" size="7">
					<sval type="int" val="130" />
					<sval type="int" val="131074" />
					<sval type="int" val="5" />
					<sval type="int" val="4" />
					<sval type="int" val="3" />
					<sval type="int" val="131074" />
					<sval type="int" val="2" />
				</sval>
				<sval type="array" size="7">
					<sval type="int" val="130" />
					<sval type="int" val="131074" />
					<sval type="int" val="5" />
					<sval type="int" val="4" />
					<sval type="int" val="4" />
					<sval type="int" val="131074" />
					<sval type="int" val="0" />
				</sval>
				<sval type="array" size="7">
					<sval type="int" val="130" />
					<sval type="int" val="131074" />
					<sval type="int" val="5" />
					<sval type="int" val="4" />
					<sval type="int" val="5" />
					<sval type="int" val="131074" />
					<sval type="int" val="1" />
				</sval>
				<sval type="array" size="7">
					<sval type="int" val="130" />
					<sval type="int" val="131074" />
					<sval type="int" val="5" />
					<sval type="int" val="4" />
					<sval type="int" val="6" />
					<sval type="int" val="0" />
					<sval type="int" val="0" />
				</sval>
				<sval type="array" size="7">
					<sval type="int" val="130" />
					<sval type="int" val="131074" />
					<sval type="int" val="5" />
					<sval type="int" val="4" />
					<sval type="int" val="7" />
					<sval type="int" val="131074" />
					<sval type="int" val="4" />
				</sval>
				<sval type="array" size="8">
					<sval type="int" val="102" />
					<sval type="string" val="lib.zanzal.menu" />
					<sval type="int" val="-2147483646" />
					<sval type="int" val="131074" />
					<sval type="int" val="6" />
					<sval type="int" val="1" />
					<sval type="int" val="131074" />
					<sval type="int" val="5" />
				</sval>
				<sval type="array" size="3">
					<sval type="int" val="103" />
					<sval type="int" val="131074" />
					<sval type="int" val="5" />
				</sval>
			</sval>
			<sval type="array" size="4">
				<sval type="array" size="2">
					<sval type="int" val="9" />
					<sval type="string" val="" />
				</sval>
				<sval type="array" size="2">
					<sval type="int" val="9" />
					<sval type="string" val="" />
				</sval>
				<sval type="array" size="2">
					<sval type="int" val="9" />
					<sval type="string" val="" />
				</sval>
				<sval type="array" size="2">
					<sval type="int" val="9" />
					<sval type="string" val="" />
				</sval>
			</sval>
			<sval type="array" size="16">
				<sval type="array" size="3">
					<sval type="int" val="0" />
					<sval type="int" val="1" />
					<sval type="string" val="************************************************" />
				</sval>
				<sval type="array" size="3">
					<sval type="int" val="0" />
					<sval type="int" val="1" />
					<sval type="string" val="SCRIPT NAME: lib.zanzal.createmenu.xml" />
				</sval>
				<sval type="array" size="3">
					<sval type="int" val="0" />
					<sval type="int" val="1" />
					<sval type="string" val="DESCRIPTION:" />
				</sval>
				<sval type="array" size="3">
					<sval type="int" val="0" />
					<sval type="int" val="1" />
					<sval type="string" val="" />
				</sval>
				<sval type="array" size="3">
					<sval type="int" val="0" />
					<sval type="int" val="1" />
					<sval type="string" val="AUTHOR: Zanzal         DATE: 25 January 2014" />
				</sval>
				<sval type="array" size="3">
					<sval type="int" val="0" />
					<sval type="int" val="1" />
					<sval type="string" val="************************************************" />
				</sval>
				<sval type="array" size="3">
					<sval type="int" val="2" />
					<sval type="int" val="1" />
					<sval type="string" val="Result" />
				</sval>
				<sval type="array" size="3">
					<sval type="int" val="3" />
					<sval type="int" val="1" />
					<sval type="string" val="Menu Open" />
				</sval>
				<sval type="array" size="3">
					<sval type="int" val="4" />
					<sval type="int" val="1" />
					<sval type="string" val="Menu Large" />
				</sval>
				<sval type="array" size="3">
					<sval type="int" val="5" />
					<sval type="int" val="1" />
					<sval type="string" val="Menu Items" />
				</sval>
				<sval type="array" size="3">
					<sval type="int" val="6" />
					<sval type="int" val="1" />
					<sval type="string" val="Menu title" />
				</sval>
				<sval type="array" size="3">
					<sval type="int" val="7" />
					<sval type="int" val="1" />
					<sval type="string" val="Menu heading" />
				</sval>
				<sval type="array" size="3">
					<sval type="int" val="8" />
					<sval type="int" val="1" />
					<sval type="string" val="Maxoptions" />
				</sval>
				<sval type="array" size="3">
					<sval type="int" val="9" />
					<sval type="int" val="1" />
					<sval type="string" val="Insurance against window close never getting noticed." />
				</sval>
				<sval type="array" size="2">
					<sval type="int" val="10" />
					<sval type="int" val="2" />
				</sval>
				<sval type="array" size="2">
					<sval type="int" val="11" />
					<sval type="int" val="2" />
				</sval>
			</sval>
			<sval type="int" val="0" />
		</sval>
	</codearray>
</script>
