<?xml version="1.0" standalone="yes"?>
<?xml-stylesheet href="x2script.xsl" type="text/xsl"?>
<!-- Generated using X-Studio -->
<script>
	<name>lib.zanzal.padstring</name>
	<version>1</version>
	<engineversion>50</engineversion>
	<description></description>
	<arguments>
		<argument index="1" name="str" type="Var/String" desc="" />
		<argument index="2" name="pixels" type="Var/Number" desc="" />
	</arguments>
	<sourcetext>
		<line linenr="001" indent="">
			<comment>* ************************************************</comment>
		</line>
		<line linenr="002" indent="">
			<comment>* SCRIPT NAME: lib.zanzal.padstring.xml</comment>
		</line>
		<line linenr="003" indent="">
			<comment>* DESCRIPTION: Pad string to make prettier menus</comment>
		</line>
		<line linenr="004" indent="">
			<comment>* </comment>
		</line>
		<line linenr="005" indent="">
			<comment>* AUTHOR: Zanzal          DATE: 9 February 2014</comment>
		</line>
		<line linenr="006" indent="">
			<comment>* ************************************************</comment>
		</line>
		<line linenr="007" indent="">
			<var>$space</var>
			<text> </text>
			<text>=</text>
			<text> </text>
			<text>' '</text>
		</line>
		<line linenr="008" indent="">
			<var>$str.pix.len</var>
			<text> </text>
			<text>=</text>
			<text> </text>
			<text>get</text>
			<text> </text>
			<text>string</text>
			<text> </text>
			<text>font</text>
			<text> </text>
			<text>length</text>
			<text>:</text>
			<text> </text>
			<var>$str</var>
		</line>
		<line linenr="009" indent="">
			<var>$result</var>
			<text> </text>
			<text>=</text>
			<text> </text>
			<var>$str</var>
		</line>
		<line linenr="010" indent="">
			<var>$tmp</var>
			<text> </text>
			<text>=</text>
			<text> </text>
			<var>$str</var>
		</line>
		<line linenr="011" indent="">
			<var>$i</var>
			<text> </text>
			<text>=</text>
			<text> </text>
			<var>0</var>
		</line>
		<line linenr="012" indent="">
			<text>while</text>
			<text> </text>
			<var>$str.pix.len</var>
			<text> </text>
			<text>&lt;</text>
			<text> </text>
			<var>$pixels</var>
		</line>
		<line linenr="013" indent="&#160;">
			<var>$result</var>
			<text> </text>
			<text>=</text>
			<text> </text>
			<var>$tmp</var>
		</line>
		<line linenr="014" indent="&#160;">
			<text>if</text>
			<text> </text>
			<text>(</text>
			<var>$i</var>
			<text> </text>
			<text>mod</text>
			<text> </text>
			<var>2</var>
			<text>)</text>
			<text> </text>
			<text>==</text>
			<text> </text>
			<var>0</var>
		</line>
		<line linenr="015" indent="&#160;&#160;">
			<var>$tmp</var>
			<text> </text>
			<text>=</text>
			<text> </text>
			<var>$tmp</var>
			<text> </text>
			<text>+</text>
			<text> </text>
			<var>$space</var>
		</line>
		<line linenr="016" indent="&#160;">
			<text>else</text>
		</line>
		<line linenr="017" indent="&#160;&#160;">
			<var>$tmp</var>
			<text> </text>
			<text>=</text>
			<text> </text>
			<var>$space</var>
			<text> </text>
			<text>+</text>
			<text> </text>
			<var>$tmp</var>
		</line>
		<line linenr="018" indent="&#160;">
			<text>end</text>
		</line>
		<line linenr="019" indent="&#160;">
			<var>$str.pix.len</var>
			<text> </text>
			<text>=</text>
			<text> </text>
			<text>get</text>
			<text> </text>
			<text>string</text>
			<text> </text>
			<text>font</text>
			<text> </text>
			<text>length</text>
			<text>:</text>
			<text> </text>
			<var>$tmp</var>
		</line>
		<line linenr="020" indent="&#160;">
			<text>inc</text>
			<text> </text>
			<var>$i</var>
		</line>
		<line linenr="021" indent="">
			<text>end</text>
		</line>
		<line linenr="022" indent="">
			<text>return</text>
			<text> </text>
			<var>$result</var>
		</line>
	</sourcetext>
	<codearray>
		<sval type="array" size="10">
			<sval type="string" val="lib.zanzal.padstring" />
			<sval type="int" val="50" />
			<sval type="string" val="" />
			<sval type="int" val="1" />
			<sval type="int" val="0" />
			<sval type="array" size="7">
				<sval type="string" val="str" />
				<sval type="string" val="pixels" />
				<sval type="string" val="space" />
				<sval type="string" val="str.pix.len" />
				<sval type="string" val="result" />
				<sval type="string" val="tmp" />
				<sval type="string" val="i" />
			</sval>
			<sval type="array" size="15">
				<sval type="array" size="7">
					<sval type="int" val="104" />
					<sval type="int" val="2" />
					<sval type="int" val="1" />
					<sval type="int" val="5" />
					<sval type="string" val=" " />
					<sval type="int" val="1" />
					<sval type="int" val="-1" />
				</sval>
				<sval type="array" size="4">
					<sval type="int" val="1524" />
					<sval type="int" val="3" />
					<sval type="int" val="131074" />
					<sval type="int" val="0" />
				</sval>
				<sval type="array" size="7">
					<sval type="int" val="104" />
					<sval type="int" val="4" />
					<sval type="int" val="1" />
					<sval type="int" val="131074" />
					<sval type="int" val="0" />
					<sval type="int" val="1" />
					<sval type="int" val="-1" />
				</sval>
				<sval type="array" size="7">
					<sval type="int" val="104" />
					<sval type="int" val="5" />
					<sval type="int" val="1" />
					<sval type="int" val="131074" />
					<sval type="int" val="0" />
					<sval type="int" val="1" />
					<sval type="int" val="-1" />
				</sval>
				<sval type="array" size="7">
					<sval type="int" val="104" />
					<sval type="int" val="6" />
					<sval type="int" val="1" />
					<sval type="int" val="4" />
					<sval type="int" val="0" />
					<sval type="int" val="1" />
					<sval type="int" val="-1" />
				</sval>
				<sval type="array" size="13">
					<sval type="int" val="104" />
					<sval type="int" val="-1610609143" />
					<sval type="int" val="3" />
					<sval type="int" val="131074" />
					<sval type="int" val="3" />
					<sval type="int" val="131074" />
					<sval type="int" val="1" />
					<sval type="int" val="15" />
					<sval type="int" val="3" />
					<sval type="int" val="3" />
					<sval type="int" val="-1" />
					<sval type="int" val="3" />
					<sval type="int" val="-2" />
				</sval>
				<sval type="array" size="7">
					<sval type="int" val="104" />
					<sval type="int" val="4" />
					<sval type="int" val="1" />
					<sval type="int" val="131074" />
					<sval type="int" val="5" />
					<sval type="int" val="1" />
					<sval type="int" val="-1" />
				</sval>
				<sval type="array" size="21">
					<sval type="int" val="104" />
					<sval type="int" val="-1610610173" />
					<sval type="int" val="5" />
					<sval type="int" val="131074" />
					<sval type="int" val="6" />
					<sval type="int" val="4" />
					<sval type="int" val="2" />
					<sval type="int" val="15" />
					<sval type="int" val="15" />
					<sval type="int" val="4" />
					<sval type="int" val="0" />
					<sval type="int" val="15" />
					<sval type="int" val="0" />
					<sval type="int" val="7" />
					<sval type="int" val="16" />
					<sval type="int" val="-1" />
					<sval type="int" val="15" />
					<sval type="int" val="-2" />
					<sval type="int" val="17" />
					<sval type="int" val="0" />
					<sval type="int" val="-4" />
				</sval>
				<sval type="array" size="13">
					<sval type="int" val="104" />
					<sval type="int" val="5" />
					<sval type="int" val="3" />
					<sval type="int" val="131074" />
					<sval type="int" val="5" />
					<sval type="int" val="131074" />
					<sval type="int" val="2" />
					<sval type="int" val="15" />
					<sval type="int" val="11" />
					<sval type="int" val="3" />
					<sval type="int" val="-1" />
					<sval type="int" val="11" />
					<sval type="int" val="-2" />
				</sval>
				<sval type="array" size="2">
					<sval type="int" val="112" />
					<sval type="int" val="11" />
				</sval>
				<sval type="array" size="13">
					<sval type="int" val="104" />
					<sval type="int" val="5" />
					<sval type="int" val="3" />
					<sval type="int" val="131074" />
					<sval type="int" val="2" />
					<sval type="int" val="131074" />
					<sval type="int" val="5" />
					<sval type="int" val="15" />
					<sval type="int" val="11" />
					<sval type="int" val="3" />
					<sval type="int" val="-1" />
					<sval type="int" val="11" />
					<sval type="int" val="-2" />
				</sval>
				<sval type="array" size="4">
					<sval type="int" val="1524" />
					<sval type="int" val="3" />
					<sval type="int" val="131074" />
					<sval type="int" val="5" />
				</sval>
				<sval type="array" size="2">
					<sval type="int" val="142" />
					<sval type="int" val="6" />
				</sval>
				<sval type="array" size="2">
					<sval type="int" val="112" />
					<sval type="int" val="5" />
				</sval>
				<sval type="array" size="3">
					<sval type="int" val="103" />
					<sval type="int" val="131074" />
					<sval type="int" val="4" />
				</sval>
			</sval>
			<sval type="array" size="2">
				<sval type="array" size="2">
					<sval type="int" val="11" />
					<sval type="string" val="" />
				</sval>
				<sval type="array" size="2">
					<sval type="int" val="10" />
					<sval type="string" val="" />
				</sval>
			</sval>
			<sval type="array" size="9">
				<sval type="array" size="3">
					<sval type="int" val="0" />
					<sval type="int" val="1" />
					<sval type="string" val="************************************************" />
				</sval>
				<sval type="array" size="3">
					<sval type="int" val="0" />
					<sval type="int" val="1" />
					<sval type="string" val="SCRIPT NAME: lib.zanzal.padstring.xml" />
				</sval>
				<sval type="array" size="3">
					<sval type="int" val="0" />
					<sval type="int" val="1" />
					<sval type="string" val="DESCRIPTION: Pad string to make prettier menus" />
				</sval>
				<sval type="array" size="3">
					<sval type="int" val="0" />
					<sval type="int" val="1" />
					<sval type="string" val="" />
				</sval>
				<sval type="array" size="3">
					<sval type="int" val="0" />
					<sval type="int" val="1" />
					<sval type="string" val="AUTHOR: Zanzal          DATE: 9 February 2014" />
				</sval>
				<sval type="array" size="3">
					<sval type="int" val="0" />
					<sval type="int" val="1" />
					<sval type="string" val="************************************************" />
				</sval>
				<sval type="array" size="2">
					<sval type="int" val="10" />
					<sval type="int" val="5" />
				</sval>
				<sval type="array" size="2">
					<sval type="int" val="11" />
					<sval type="int" val="4" />
				</sval>
				<sval type="array" size="2">
					<sval type="int" val="14" />
					<sval type="int" val="4" />
				</sval>
			</sval>
			<sval type="int" val="0" />
		</sval>
	</codearray>
</script>
